epoch,accuracy,loss
0,0.8977212905883789,0.9120122194290161
1,0.9290936589241028,0.5487395524978638
